urlhash,savedate,price,tags,salt,creature,instant,sorcery,artifact,enchantment,battle,planeswalker,land
QvMLSpN75oJE3WmKarE-BA,2025-10-12,1146,[],53.12189357727766,12,17,13,18,6,0,0,33
INMgWFQzrl-_Aq5DMXyfcQ,2025-10-12,194,[],46.83011695370078,19,12,14,9,9,0,1,35
LAZ45Kvckai0aGZ4vIE8uA,2025-10-11,568,"['Spellslinger', 'Burn', 'Pingers']",48.21810703724623,18,18,15,7,7,0,1,33
DRpCSkSD-Tc4yO6BXA_b6g,2025-10-11,275,[],45.822395622730255,18,15,14,5,11,0,2,34
LeclZWXPoLtWnZxOwxt8kQ,2025-10-11,267,"['Burn', 'Spellslinger']",46.33116692118347,18,20,14,8,8,0,0,31
-nOf1VjNyq-_DBATkXZKjQ,2025-10-10,487,[],53.212120573967695,22,17,19,6,6,0,1,28
idgxoSeng1ISbmJTszkmcw,2025-10-09,850,[],51.25425427220762,25,12,11,8,9,0,1,33
E9WMNu4u7ndorMzgA_wiuA,2025-10-09,267,[],56.9856092184782,23,11,9,9,12,0,1,34
ZYCC1Omf7hhP0M-yEvQYZw,2025-10-09,149,"['Burn', 'Pingers', 'Group Slug']",35.9385940823704,15,16,10,12,10,0,1,35
S4Ag-pi8MY1BO2-Rm72XxQ,2025-10-08,882,"['Aggro', 'Burn', 'Group Slug', 'Stax']",61.61772027425468,18,11,12,13,13,0,0,32
xKj_y-rlxeznhS0AGvUWwQ,2025-10-08,357,[],40.74614212103188,16,5,15,12,20,0,2,29
2WH6jwEHuF_ZEOCCE6PvEQ,2025-10-05,344,"['Burn', 'Group Slug', 'Mono Red']",54.41124126315117,22,15,9,12,8,0,3,30
BTDSRz_l-5Ok5Z1BN89ynA,2025-10-05,175,[],41.38346151821315,22,13,12,11,8,0,0,33
pLOiKlFMnCrAjX6pIIZ3Cg,2025-10-05,199,[],44.011363975703716,20,8,7,21,9,0,1,33
rVCIhCMIvgsLDGcFWXYtuw,2025-10-04,260,[],46.32203658670187,18,13,13,9,8,0,1,37
P6mW-QktRsTftaQqTw-UYQ,2025-10-04,569,"['Burn', 'Spellslinger', 'Pingers']",47.85815105587244,17,22,11,10,4,0,1,34
TxuEeFXAWaL93Q-LlZyxcA,2025-10-03,406,[],45.56850923597813,15,19,15,11,6,0,0,33
3mxtzwkjpZBnkxQQv9peBQ,2025-10-03,1866,[],59.14164003543556,15,12,14,16,8,0,0,34
w6jm9TVfJ9ucCWSc8AIt5g,2025-10-03,976,[],61.89814064279199,20,6,14,13,10,0,2,34
GAbCwfkjSRCJVl0O6UMYiQ,2025-10-02,452,[],48.24015875160694,19,9,11,14,11,0,1,34
TBRaMA6NNQC5AfQ_wzkTYQ,2025-10-01,163,"['Burn', 'Spellslinger']",38.641082843765616,14,15,14,12,8,0,1,35
NU-yqLrDb6DMxfhCm9s6kA,2025-10-01,199,"['Burn', 'Casual', 'Mono Red']",40.05860054725781,22,17,13,6,8,0,1,32
Xf5DkhqYbM3eFZUaY3-b0Q,2025-09-30,417,[],52.68720715120435,20,15,19,7,7,0,1,30
twMC7xA2llBNzTch05_U9g,2025-09-30,471,[],43.10469195432961,13,16,14,11,7,0,0,38
93MpuX8KoGI9AsWbUtttFw,2025-09-29,1716,[],50.6042350307107,24,4,11,14,10,0,1,35
s6ETKlaYSGi681EgwRES-w,2025-09-28,291,[],45.321485709398985,29,6,9,6,13,0,2,34
oCy9l0hSifhVkTlG4pqyhQ,2025-09-28,577,"['Aggro', 'Burn']",51.15597236901522,21,16,14,10,7,0,1,30
RgNNVhEXHuDIxYbUS0x-eg,2025-09-27,594,['Group Slug'],62.25695726647973,18,10,5,11,19,0,0,36
wRtD_QMGx0L00OV8ZOaKxw,2025-09-26,577,[],48.25243446044624,17,16,14,12,6,2,2,30
N1CuwWxm4YimFvC4g0GGog,2025-09-26,447,"['Wheels', 'Burn']",51.91585695743561,17,14,10,14,8,0,0,36
U5Hzbd3wVEsKoPwWi1zkMw,2025-09-26,631,[],47.293881660327315,15,14,24,11,3,0,0,32
1NkeaKew4nrZfPu1bGMzuQ,2025-09-26,308,"['Storm', 'Pingers', 'Spell Copy', 'Flashback']",51.46802360191941,12,17,16,10,8,0,0,36
5HF45R0wEYdVl5n9Hs7tHw,2025-09-24,465,[],47.15153929963708,32,8,13,5,6,0,1,34
crGRyQKq4zr3aKWvOxysGg,2025-09-24,154,['Burn'],42.08642705529928,23,12,11,10,7,0,1,35
_BhLeypank07LFHWg15GMA,2025-09-22,204,"['Burn', 'Group Slug', 'Mono Red', 'Webcam Friendly']",43.66948590427637,20,21,10,7,6,1,2,32
JBO8GVY_4CkjTKIpLjpaaQ,2025-09-22,4145,"['Burn', 'Discard', 'Group Slug', 'Mono Red', 'Spellslinger', 'Voltron']",56.273375652730465,12,7,33,11,4,0,0,32
N-c0WpKcP466kQGCV3jGbQ,2025-09-22,246,[],44.9259878937155,16,25,17,1,4,0,1,35
Gwo2n_VAIw5mRArl45zzXg,2025-09-22,2083,[],59.25917083397508,22,15,15,6,11,0,0,30
SC7eExuxv8PAQ7Ix1KzeRw,2025-09-21,506,"['Burn', 'Mono Red']",51.027126647531986,18,19,12,6,9,1,0,34
rEzGKSm1DE5MZCe6x5iWsw,2025-09-20,352,[],44.86150623485446,24,8,8,17,6,1,1,34
jThfHYvm1CMdlFAsRChjyg,2025-09-20,230,[],46.635229017585516,19,13,14,9,7,0,0,37
kyt50-kZGab6Mm0aKu5xvA,2025-09-19,594,[],54.219870414584875,20,17,16,6,9,0,0,31
HH1IXPOyhE4Pe-ojbngFAw,2025-09-18,346,['Burn'],44.0166999399662,20,16,14,6,8,0,2,33
ljln-n7kNv3AsxDH0UVMsw,2025-09-18,1203,"['Burn', 'Combo', 'Mono Red', 'Spellslinger', 'Storm', 'Tokens']",53.46196763589978,22,20,13,9,3,0,0,32
qQj8_JwUzMMZdlyjJuxHKQ,2025-09-18,215,[],44.58683650940657,24,17,12,4,4,0,3,35
tZ1feJhUB8nlc4Xl4u_OSQ,2025-09-16,428,[],56.312186408787966,30,8,8,6,12,0,0,35
eoyZLbZK-6REb7k3J390Fg,2025-09-15,2433,"['Burn', 'Mono Red']",58.90440712124109,10,12,16,13,11,0,3,34
MPaWvPVkV0HOFfel8GfY7w,2025-09-15,174,[],44.281590055674314,16,19,13,10,7,0,0,34
l_lZq2Md-UNCpqzF9mvO7Q,2025-09-13,764,[],56.68074846640229,16,13,18,9,7,0,1,35
MkPZX8qKRdsVLXRhyQ-khw,2025-09-13,783,"['Burn', 'Group Slug', 'Storm']",54.37735853716731,21,18,12,9,7,0,0,32
O3kHpSAmXSjvWqAwl8BPQg,2025-09-12,819,[],65.92943251505494,17,13,11,13,11,0,1,33
jNjeK9U5lhUd41lsRW0-ag,2025-09-11,1151,['Burn'],53.27765158377588,24,8,16,11,11,0,1,28
4gler3iAxVKcf7tE-xMfwg,2025-09-09,723,[],53.754446882754564,19,13,11,13,6,0,1,36
XsFj6EHUWJxTU1hdr0-nfw,2025-09-09,1388,[],48.6983079649508,16,16,18,10,8,0,0,31
Zv6eCOLmKG87PZQes6cu4g,2025-09-09,212,[],44.247907066717744,20,12,13,14,7,0,1,32
7xA-kqO-hD0ULnf9N1ZRZQ,2025-09-09,202,[],43.3381839171052,22,11,14,8,7,0,2,35
OMhAfMlLL3YBAnRM2oBPXg,2025-09-08,334,[],46.595626045018435,12,20,22,7,6,0,3,29
GSL8uj9isj1CHHfsDhZofw,2025-09-08,662,[],52.00911922939122,22,6,11,15,9,0,1,35
6O3WmqLKebZS0c0INiXxOg,2025-09-07,771,[],53.19935414614156,20,11,17,7,6,0,2,36
4cnXrxw16TeVx8Wd9GLRZA,2025-09-07,208,['Mono Red'],45.43888832256198,27,7,13,8,8,0,0,36
dFqqfzcMhdhnuakbhRjF8A,2025-09-05,846,"['Burn', 'Mono Red', 'Stax']",55.84250430390239,22,11,11,12,9,0,2,32
O940I9ogmcCI11VCoaMuTQ,2025-09-04,398,[],49.842778004705906,26,17,5,11,7,0,0,33
HFZ3ksxMR0aArPWKjnA_HA,2025-09-04,528,[],49.6141059435904,26,10,10,9,8,0,2,34
oTc2gZRRqcKcdx2cDfD9RQ,2025-09-04,327,[],46.05557765066624,19,17,14,7,8,0,1,33
vdDrh-9xt3i3_HPAyb9avA,2025-09-03,1608,[],51.465420968830585,30,16,6,6,9,0,0,32
UxeI6pjkGOXW0J0F8oTdqg,2025-09-03,619,[],58.6594211794436,20,3,8,17,16,0,0,35
06JRtZyjMV4cyH4TMY_E8A,2025-09-02,154,[],47.98957056924701,18,4,12,5,23,0,1,36
CuvscGHIvCCmsdfuGNH8PQ,2025-08-31,271,[],50.72066863626242,20,9,11,10,13,0,2,34
iKafQnOUyffY81y-sOZbBw,2025-08-31,1105,"['Burn', 'Mono Red', 'Primer', 'Spellslinger', 'Storm']",52.721127623692155,15,18,24,9,3,0,0,30
ME2FrC18Zhkdp0k_eEZAVg,2025-08-28,290,[],48.035758432000875,23,10,13,10,9,0,0,34
hPm-KIwYSodwfdmJu9RhUg,2025-08-27,2107,[],49.47883414104581,15,26,15,9,5,0,0,29
SBiHTNbJHkF4b_cgTUPVVg,2025-08-27,1408,"['Burn', 'Equipment', 'Group Slug', 'Midrange', 'Mono Red', 'Primer', 'Stax', 'Voltron']",61.44161292165518,10,19,10,26,4,0,1,29
hquN-ojGo6IU6AFdgQw5_w,2025-08-26,402,"['Aggro', 'Burn', 'Combo', 'Mono Red', 'Storm']",47.6512062237598,19,22,12,6,6,0,0,34
ivC6ozKzT-JKZkpghb0SOw,2025-08-26,457,"['Burn', 'Stax']",56.56911187618971,19,12,16,8,10,0,0,34
4ElAtMUbUEDi3MEWmG1D6w,2025-08-26,366,[],46.28872305992991,22,18,8,12,15,0,0,24
z9tv_LaTYpsv0dGhVzw_KQ,2025-08-25,2819,"['Burn', 'Combo', 'Group Slug', 'Storm']",65.55764561891556,15,16,20,10,8,0,0,30
Li-tdqPL2kZczlTK3jP0jw,2025-08-25,133,['Budget'],37.835957907140255,15,18,15,9,8,0,1,33
KWseZpADuksMpVYgDC55MA,2025-08-24,1812,[],46.293813018128276,20,9,10,13,15,0,2,30
yfbUtZXPR0UVR-ggVK84JA,2025-08-24,739,"['Burn', 'Mono Red']",59.51500587910414,12,16,16,9,12,0,2,32
vXO9DkMCfacL9IdkhjQ4vg,2025-08-23,752,"['Burn', 'Devotion', 'Enchantments', 'Group Slug', 'Mono Red', 'Prison', 'Stax']",60.955029495060444,7,12,13,13,16,0,3,35
UsK_mVUlKi_NthalXRbIkA,2025-08-23,914,"['Burn', 'Pingers']",55.62296895729378,16,11,16,15,7,0,0,34
0W2rQy7S5DZrjmvjji525w,2025-08-21,655,"['Aggro', 'Burn', 'Combo', 'Mono Red', 'Spellslinger']",48.55837820470333,14,14,14,16,8,0,0,33
WCwZIRYvvYMaUJSg9j7Bsg,2025-08-21,427,"['Burn', 'Casual', 'Mono Red']",43.21765594556928,17,12,14,15,9,0,0,32
1VWXXuUCtefHPsCy7nE3wg,2025-08-21,918,[],53.744781544432044,15,16,21,10,4,0,1,32
LniGmAaeYIjEhoIdYEGGiA,2025-08-21,725,[],54.01433524116874,24,13,7,7,13,0,3,32
eG7PGYptP88wyx29thWwog,2025-08-20,441,[],59.35250763967633,24,6,15,7,13,0,0,34
rm5r0KF8LNXp1lPNOcNI3w,2025-08-20,1043,[],58.16782768815756,19,12,19,8,3,0,0,38
M1TRqLq316Yfd3OO9RPVQw,2025-08-19,923,[],67.47390927746892,14,15,15,9,12,0,2,32
_1G7EkGsHXA5r1fHcoyK7g,2025-08-18,469,[],49.45264592766762,13,14,21,8,5,0,1,37
la6s0jJ5mVXpm5GmreIgZA,2025-08-18,523,[],47.02385985478759,15,24,12,9,8,0,2,29
CmZwg_KrmFW8naJbdr4clw,2025-08-18,567,"['Aggro', 'Burn', 'cEDH', 'Mono Red', 'Stax']",58.8400308303535,16,15,15,13,6,0,1,33
vo7_S8o8LAUd9us8gqHcgA,2025-08-17,469,"['Burn', 'Mono Red', 'Stax']",58.276350148022175,19,9,8,13,12,0,2,36
MTve1xH9PuvHOayo-ISdUg,2025-08-16,426,"['Burn', 'Mono Red']",54.70531681552529,19,16,15,4,11,0,0,34
BF8Z_3-tKmk2h0jk2otjkw,2025-08-16,157,['Burn'],42.30313956364989,20,20,11,6,4,0,1,37
1ALUrKwzmNIEz511YsEHCg,2025-08-16,873,"['Burn', 'Casual', 'Mono Red']",44.51348493108526,17,19,18,5,8,0,0,32
yshofg6XVBn4eakzrb6gIQ,2025-08-15,415,[],50.41671413742006,22,11,11,15,6,0,0,34
u-Qo549dNLUl9CYQnJrHBQ,2025-08-15,820,[],58.82694863900542,16,9,14,10,11,0,2,37
As7k8hGoHGGzD5AMLTXiTQ,2025-08-14,178,[],40.69374098815024,21,15,9,12,8,0,1,33
2Pc_S0V5IaJrFB43QAETxQ,2025-08-14,531,"['Aggro', 'Burn']",51.275003645569086,17,10,15,14,11,1,2,29
0XmYE4FImZMfKoexQIZsNw,2025-08-13,161,"['Aggro', 'Burn', 'Group Slug', 'Mono Red', 'Voltron']",41.310146652162075,20,12,8,13,11,0,1,34
O1HzTwlMlG86vuSvdzFsjA,2025-08-13,708,"['Burn', 'Mono Red']",52.95454975217581,18,13,17,16,7,0,0,28
d-tlGg3Rna1mVxjG8zse9A,2025-08-13,612,[],60.59284085407853,16,9,14,14,10,0,0,36
KtdV3t0t0gfvHo66JnOXgw,2025-08-12,492,[],56.031197525560856,18,14,16,6,10,0,1,34
6vGo3ltthgzgeAmJQXX9EA,2025-08-11,393,"['Aggro', 'Budget', 'Burn', 'Casual', 'Death & Taxes', 'Enchantments', 'Group Slug', 'Hatebears', 'Jank', 'Land Destruction', 'Mono Red', 'Stax', 'Wheels']",60.162266440689564,19,4,12,12,18,0,0,34
dxC4KvQH3q1LGKAJfB8Amg,2025-08-10,2135,"['Burn', 'Mono Red']",61.14346456900239,17,11,9,20,11,0,1,30
M-LpBkCbcJMJCOzBomEDJw,2025-08-10,314,[],43.905408166348934,22,11,13,6,13,0,0,34
ap3DbGYue39Qp8GUb2_mGg,2025-08-10,784,"['Burn', 'Mono Red']",46.43959596939385,18,16,15,8,8,1,1,32
u8cL2NsRv_qGjUi2DhHySA,2025-08-08,686,[],50.39310085773468,22,14,11,11,10,0,0,31
ls3lngW4sCEqEUpWvoD8CA,2025-08-07,350,[],50.41204090230167,20,15,13,14,8,0,1,28
Sn7gNKnQ-eFes1zNzRHM5w,2025-08-05,701,['Burn'],56.323120288550854,18,15,12,12,9,0,1,32
cIrgFuJg7G5Vc9ZDUR_Lig,2025-08-05,250,"['Burn', 'Equipment', 'Power']",47.8334902189672,19,13,14,8,9,0,0,36
LOatp4NkaAaf9aNGOTuy7A,2025-08-04,926,[],50.43664382956922,20,11,18,7,7,0,1,35
pN3pXeKiGEK53MzpK5LomQ,2025-08-03,417,[],41.49106605350971,21,10,12,9,11,1,1,34
Kv7NdPKCc6nJilCSw4r4IQ,2025-08-02,307,"['Aggro', 'Burn', 'Casual', 'Group Slug', 'Mono Red', 'Storm']",47.0643524043262,18,18,12,9,9,0,1,32
_SZozpWeFnwRS0mAYPLUVA,2025-08-01,491,"['Burn', 'Mono Red']",44.566692201420665,15,22,17,8,9,0,0,28
ukl3sXRYSmJmozJ_AJ9hQw,2025-08-01,735,"['Burn', 'Group Slug', 'Mono Red', 'Primer']",57.83512713946402,18,9,10,15,13,0,0,34
DbEy9_EiWe45Ubm3uZaMAQ,2025-08-01,417,[],52.97336895763874,16,15,22,7,9,0,2,28
lZoOdF2LViv8mEcGxtLt6A,2025-07-30,233,[],43.79450222291052,19,15,10,10,8,0,0,37
LtPw6B0Q8NlM-UTG3AB_Wg,2025-07-30,200,[],46.662772143259645,22,6,17,13,6,0,0,35
ha9CojuZD7algZkQ5u2mdw,2025-07-30,647,[],56.34406500682235,18,11,12,11,13,0,1,33
LlmeaRoJNRWohOE1uNop3Q,2025-07-29,363,[],51.34164748713374,24,6,9,16,9,0,0,35
J9dz1FbE29FIRCRoI1y7Sw,2025-07-28,291,"['Burn', 'Mono Red']",47.54626679979265,24,12,11,10,8,0,1,33
9r98MxrRD-l53gwy_YtHYA,2025-07-28,323,"['Aggro', 'Burn', 'Mono Red']",33.27021027728915,17,27,15,3,4,0,1,32
yAIVTEoG6sd3wrBMX9I8Tg,2025-07-28,484,[],56.92457493953407,22,7,10,11,11,0,0,38
lPrFFXK0jVhgrio6DHqfxQ,2025-07-27,371,[],48.61450187116861,23,8,12,11,10,0,1,34
LK9HCB3odMPg4RZ13QiTYA,2025-07-26,675,[],57.19070555642247,28,12,12,7,15,0,0,25
1q_JsNH_4B7yoEHtqZniLA,2025-07-23,481,[],47.30723956041038,13,20,13,13,6,0,0,34
9u015dBk6QtW29ro-raCQg,2025-07-22,955,"['Burn', 'Control', 'Group Slug', 'Kindred', 'Midrange', 'Mono Red', 'Spellslinger']",59.49461795017123,21,15,14,12,8,0,0,29
5oYmEb3VSuXjQWcN1gvMCg,2025-07-20,1103,"['Burn', 'Mono Red']",50.52746159210801,14,17,11,23,2,0,0,32
vAxW8eXa3qlButXuIm6oig,2025-07-19,1949,[],70.37134414166212,22,12,11,14,9,0,1,30
pMZCoVAXbTqBBxsWuI_cqg,2025-07-18,181,[],44.83146922290325,24,9,13,10,9,0,1,33
nVjRTV-H7Dl3PjDslKmteA,2025-07-16,186,[],41.71793372370303,21,21,11,9,4,0,0,33
nB0Ol_hW9QmoL8vHZejNAw,2025-07-16,421,[],47.9570354744792,17,27,12,3,6,0,0,34
1NkJ8wHM544yBhU240XyFA,2025-07-15,4169,[],70.88489135354757,15,16,16,14,8,0,0,30
f5BOncgWnrIXJ1KKHooNaw,2025-07-15,351,[],48.496116645634174,9,4,9,11,15,0,10,41
rWwyJZLXqfp2Ct7Ci4vBmQ,2025-07-14,1123,[],61.840977530926466,19,12,13,16,8,0,1,30
f65HV3HExjLF0LnmowmY4w,2025-07-14,1139,[],56.15292863175273,19,12,13,16,8,0,1,30
Tw1K2XnJg_Xk_fE0svIB3g,2025-07-13,1787,"['+1/+1 Counters', 'Aggro', 'Burn', 'Casual', 'Group Slug', 'Mono Red', 'Spellslinger']",56.08090003207326,19,10,13,14,8,1,1,33
q9AbBdqVUwljAUE-2DEM5Q,2025-07-11,131,"['Pingers', 'Burn']",40.45184189081192,27,8,7,12,10,0,2,33
hyW_a9CcpVTViXSU2PyuSQ,2025-07-10,4321,[],64.5808649789542,16,13,17,16,6,0,1,30
5tDKlqoc_n_W2echXh7V_A,2025-07-10,2368,"['Burn', 'Primer', 'Spellslinger', 'Storm', 'Webcam Friendly']",63.0824545416981,15,18,15,15,5,0,1,30
f3hGrcxiA8ad4g-eYTOL-A,2025-07-09,290,"['Burn', 'Casual', 'Mono Red']",50.66267452389002,27,14,12,5,6,0,3,32
4MGDV_tz7jgxjrr40KDvtg,2025-07-09,568,[],48.59778915345669,11,18,13,16,8,0,0,33
bRLYDLRjKFdRYtrWjDJ8Ug,2025-07-08,1585,[],63.364678010344505,18,16,8,17,7,1,2,30
KODme5AeiXMRCsWZaAYWfg,2025-07-08,459,"['Aggro', 'Budget', 'Burn', 'cEDH', 'Competitive', 'Mono Red', 'Spellslinger', 'Turbo']",45.794859590008855,17,15,21,9,5,0,1,31
wl3-5l1tJuEeWMbKxyXmTQ,2025-07-07,1210,[],66.91726195812225,20,15,12,14,9,0,0,29
zwUBSyY7AaufZrOgBvJ53Q,2025-07-07,302,[],48.80654417723417,20,8,15,7,11,0,2,36
z0cs1lz_veSre2pw-nt5KA,2025-07-05,1003,"['Burn', 'Mono Red', 'Stax']",58.756558042019606,16,16,12,12,9,0,1,33
2FSOTgAOTZzXq94uMYp1TA,2025-07-01,1313,"['Artifacts', 'Burn', 'Devotion', 'Enchantments', 'Group Slug', 'Mono Red', 'Prison', 'Stax']",65.52952233329415,0,13,14,11,23,0,2,36
aD4LwmVCHOe5rZaTo36btQ,2025-07-01,416,[],51.47215624898672,17,17,18,4,8,0,0,35
q8NJniVxUzMGoHbHB5_yog,2025-06-30,470,[],75.55079898610711,13,8,10,21,14,0,0,33
1rGNsnQvLD6lFYwHDT5fWA,2025-06-30,1254,[],62.40096789225936,20,13,11,13,10,0,1,31
q6HDYwB2_ZqTqFjpcnrNSw,2025-06-29,258,"['Budget', 'Burn', 'Competitive', 'Group Slug', 'Mono Red', 'Prison', 'Voltron']",49.660542437806726,21,10,14,16,10,0,0,28
PYZvfyYAmtijXrtzIB9gqQ,2025-06-29,599,[],50.07066713273525,17,8,25,12,5,0,0,32
gMvMpCQsxcsvDmIXknO3ug,2025-06-29,3813,[],72.26701755449176,20,14,10,18,8,0,0,29
_9IhE59jA-Jm54u5o_3yqA,2025-06-29,369,[],46.32983907684684,21,11,10,10,13,0,0,34
9_ke6ARLMDd3X883tNJ_dw,2025-06-28,277,[],44.025536965578794,23,7,20,4,9,1,1,34
0BlyqK3TcfhE_vBxaUcY0w,2025-06-28,347,"['Burn', 'Mono Red', 'Spellslinger']",44.06118191219866,16,20,16,9,6,0,1,31
TpOIalYX7quAMUWw8tuOEw,2025-06-27,254,[],55.609666638076305,18,19,14,7,8,0,1,32
rC6OLRwwhCOqb0bNMp4v5Q,2025-06-24,279,[],39.79717522487044,23,11,12,10,7,0,0,36
MnrAMcELDwi2ELGqR_XHpQ,2025-06-24,1822,[],68.65172915160656,20,14,12,13,9,0,2,29
pkuIAiac_TUi3hEITY5Svg,2025-06-21,507,"['Aggro', 'Burn', 'Mono Red']",53.573138289153576,24,18,10,6,4,0,0,37
0AJVqIvKmDKVloF4sdZrpg,2025-06-20,2498,[],62.153644759207964,13,11,21,19,7,0,0,28
EYVsF70wThAX3zX0F8IFAQ,2025-06-20,1537,[],55.04251416027546,25,16,13,5,11,0,1,28
Ls5-E3XKmDX7Xcxh1CEB2A,2025-06-20,680,[],52.250672321766615,28,16,12,8,8,0,0,27
2vhqsUiL0ubT5iW5ZUZN-Q,2025-06-18,1297,[],61.08551762625575,21,8,14,11,10,0,3,32
c2yhE099yNhkVd0wB1Dkag,2025-06-16,614,[],54.36936560459435,24,8,12,9,7,2,4,33
aA1tSHgp3xwMoEbHuAajQg,2025-06-14,359,[],47.53926506638527,14,19,20,5,10,0,1,30
L7NnZLT-8MVFRCA7T6PeHw,2025-06-14,193,[],48.46561880968511,18,11,10,11,13,1,1,34
I0JVcgvaF2qsmQ-IGziMYQ,2025-06-12,3270,[],76.79833171889186,18,9,11,22,10,0,0,29
qyxEyQCOEeKJInnuvZlBPg,2025-06-10,258,[],44.54189259931445,18,16,11,11,11,0,1,31
IYD1AM5bgXLQl12JAO0raA,2025-06-09,210,[],42.927935261279345,19,15,11,9,9,0,0,36
uAf5BHVw9qVR2TIhhlRGkg,2025-06-09,301,[],51.54811321571469,24,10,10,11,8,0,1,35
PHPyxBLJwaOhNKSeUpHAQg,2025-06-07,246,[],49.37238422781229,23,5,10,10,14,0,1,36
bhqNwZufta8yVpy4I35h1Q,2025-06-07,391,"['Burn', 'Mono Red', 'Webcam Friendly']",51.62374019622803,17,11,7,16,12,0,1,35
f5RWwPWQCB3m4GGh0tft5Q,2025-06-05,212,[],45.47390183061361,24,14,7,8,13,0,0,33
2oW-elwZXYXSLFksSOH77A,2025-06-04,1092,[],53.51894737035036,14,13,20,12,7,0,0,33
437zhyzffKIO14knYq1J_Q,2025-06-04,197,[],40.7452791556716,13,12,22,11,5,0,1,35
Bglfv0GCR57vjPUOvpfnQA,2025-06-04,606,"['Burn', 'Spellslinger']",51.58615491166711,13,20,17,5,8,0,0,36
9hvI4ujBV361wuSLR8Pzrw,2025-06-03,1818,"['Group Slug', 'Midrange', 'Mono Red']",57.42368870973587,28,10,10,10,11,0,0,30
7Zpgw0j5CDOHEg1i2WGKzw,2025-06-03,862,"['Burn', 'Group Slug', 'Midrange', 'Mono Red']",51.532448176294565,18,14,23,9,6,0,1,28
x6fKr89IYshKY0iCVJsmhA,2025-06-02,169,"['Casual', 'Budget', 'Burn']",45.38165883719921,16,12,18,12,6,0,1,34
nCXDPt0i_Mfab_KI5cGCaA,2025-06-01,562,"['Burn', 'Combo', 'Mono Red', 'Spellslinger']",50.59149073623121,19,12,13,14,5,0,2,34
NYTZyuX7NR_xU6qGAYJROQ,2025-05-30,176,"['Pingers', 'Burn']",44.14658388867974,22,14,9,10,3,0,5,36
0nMQ2KZiYZq-zOyChehIyg,2025-05-29,171,[],41.68706450238824,17,24,14,6,6,0,0,32
bo7lqF4ArICv_MEQ_kj8Uw,2025-05-29,1160,[],55.79215668141842,18,11,13,14,9,0,0,34
64dClcizVhqNHrWo8Z4Z9w,2025-05-28,358,[],49.09437319263816,22,15,7,9,11,0,0,35
3XeyJlrLKvy3dbpVSnB4bQ,2025-05-27,1313,"['Artifacts', 'Burn', 'Competitive', 'Enchantments', 'Midrange', 'Mono Red', 'Stax']",67.73579907789826,23,10,5,22,11,0,1,27
909-GhwOFv_UoOuqjtUcxw,2025-05-27,545,"['Aggro', 'Burn', 'Mono Red']",51.143860422074795,24,5,6,16,11,0,2,35
H2qdfLQe_tYka0-mGB-vFQ,2025-05-26,1780,[],58.612868539988995,19,21,19,8,6,0,0,26
2XsjLlEQ-WtI-DP-WSc1yQ,2025-05-26,495,"['Burn', 'Aggro']",52.94012572616339,24,5,9,13,11,0,2,35
95XWWs1xJCLtRlOT6D9djQ,2025-05-25,530,[],56.21966042742133,19,14,9,10,12,0,2,33
5TCJGHOJdKawKxeRr4TMTQ,2025-05-25,1151,[],60.5872840359807,20,7,6,20,11,0,1,34
vxzGL8wx7ozpAIR0lQQTQw,2025-05-24,271,[],52.469672959297895,19,13,15,7,9,0,1,35
hbxO-Pot_W9J9sCNmJdsSQ,2025-05-23,930,[],55.70181852951646,18,16,23,7,5,0,0,30
GPrsmoSVfKXCiPJMmFzQKA,2025-05-21,2647,[],65.74580342322588,17,18,14,14,6,0,0,30
dOqtdyGX44aVcQw_zp7IYw,2025-05-21,363,"['Aggro', 'Chaos', 'Maverick', 'Mono Red', 'Spellslinger']",41.38508671335876,23,14,12,7,7,0,2,34
agrOptUq9AHtPevmn1iMNg,2025-05-21,1819,[],61.190250262618065,20,14,13,10,10,0,1,31
cWDghShYu9AXojvDtPSCSA,2025-05-20,827,[],53.34508993476629,19,12,21,10,5,0,0,32
pKACwwHDkW-mCtO_kVIoWg,2025-05-20,806,[],54.6076114885509,18,16,10,11,9,0,1,34
FPEfuobFiQ_-qrsQRy4guA,2025-05-20,319,[],47.39667624980211,22,14,13,9,9,0,0,32
_IsWUscQWcjes41cPZ5eZg,2025-05-19,231,[],45.40765688568354,13,16,11,13,6,0,1,39
aMmTT4RQxPpl1epE-hgjGA,2025-05-19,314,[],47.83373344875872,19,19,15,10,3,0,1,32
M2Y7_HF3qum3gxkaaMpvyQ,2025-05-17,541,[],50.47898466140032,24,6,6,16,12,0,1,34
QW-rJQzzeF_AGSU7ueuQwQ,2025-05-15,1257,[],58.03201727569103,18,11,13,18,9,0,2,28
RN55tU3qMpS2_35k2RPMwA,2025-05-15,388,[],49.24874233268201,17,12,22,7,10,0,0,31
2OTPGtYR-0A2bWyUGjdZlw,2025-05-14,391,[],51.4407370518893,14,21,16,4,12,1,0,31
GmO7sIlF4Dk1LCinEytUJw,2025-05-14,122,[],39.478562319651246,13,15,17,14,9,0,1,30
muENz9F5QVfFpzuTZeCeEA,2025-05-10,97,[],41.57876092195511,22,16,11,8,7,0,0,35
8_TU7bU0y0dLGQzBxbhokw,2025-05-10,215,[],53.15125489234924,28,10,12,7,6,1,0,35
eBi4fpLeIyJyXSowCRbDfA,2025-05-10,321,[],43.56608853954822,27,10,12,8,6,0,2,34
urXmmPeE7jXOzNrkNQ42Sg,2025-05-10,253,[],52.368464052677155,20,10,15,10,9,0,1,34
JHAqGaom4uOsNxoiFAAmFQ,2025-05-09,403,[],41.86919363960624,16,14,18,10,5,0,0,36
W1hljY2lkth1zRQRZRXRkA,2025-05-08,583,[],57.07428337261081,18,14,12,10,9,0,2,34
VvPBfo1ryOeRveELKk3ArA,2025-05-07,184,[],46.9275391921401,11,23,15,11,4,0,0,35
dbNTG8Zya37bcpMRnccg5g,2025-05-06,416,[],52.173011768609285,25,9,8,7,14,0,1,35
39dm97vzatZPTFK4lh692A,2025-05-05,577,[],44.159726187586784,13,27,15,7,4,0,0,33
wfUne5yjdfmKXo7MTrwsqg,2025-05-05,417,['Burn'],49.990983318537474,17,19,16,8,4,0,0,35
8YUYUk8fDMqeCPanQdgM8w,2025-05-03,162,[],38.405921112746,23,15,10,11,7,0,0,33
WW-ia-OOu3qVKJzchavhcQ,2025-05-03,331,"['Aggro', 'Burn', 'Help Wanted']",44.16120306402445,14,16,12,10,12,0,1,34
Nf2SD6ywUXRlLoeL9TnTZw,2025-05-01,1966,"['Artifacts', 'Burn', 'Casual', 'Mono Red']",55.30883872136474,17,9,17,18,6,0,0,32
s0HDX3fDv7nrNwVa1rqYRA,2025-05-01,390,"['Budget', 'Burn', 'cEDH', 'Mono Red', 'Spellslinger']",48.93923123180866,16,20,16,8,7,0,0,32
wFuprefPxls4I4EbcjOdlg,2025-05-01,511,[],56.02689779922366,12,11,15,6,17,0,2,36
HoY48j7c4n_gXcPx73wXtQ,2025-04-30,1946,[],62.57950384914875,12,13,16,16,6,0,2,34
3Px26VVzS4TFPJsY6aRKzg,2025-04-30,346,[],46.621988859027624,14,16,10,15,11,0,0,33
jjcKKMNhRYqobOBOQWXCFQ,2025-04-29,566,['Burn'],53.434879936277866,20,13,13,10,9,0,1,33
kwM8T8vZUEH1LHcX_Xiw3Q,2025-04-29,1170,[],57.69078043848276,12,24,16,10,4,1,0,32
r_SCIaMs-X1lLSEJaM9TvA,2025-04-27,501,"['Burn', 'Casual', 'Mono Red']",47.32931730337441,21,19,7,10,7,0,0,35
3BS_a4KaRpZA9NnFfH7gSA,2025-04-27,1133,"['Burn', 'Combo']",56.60033934377134,17,10,11,12,14,0,1,34
mQOXAFJh7Z6LSj756ZridA,2025-04-26,420,[],52.37093655951321,24,8,15,11,7,0,0,34
YpniFxzbj-_7p2G5hEaciw,2025-04-25,498,[],50.938426412642,25,16,14,6,8,0,0,30
BvvUKMv0JSZON26xQJy7qA,2025-04-24,1094,[],51.51294867368415,6,14,18,21,2,0,0,38
l6MU7Vk2EI9GKOJcotZYjw,2025-04-24,194,['Burn'],39.7248589862138,21,12,8,12,8,0,4,34
Tk9ftRhywa9Mw3lIbcV4Hw,2025-04-24,1146,[],59.63834114000201,19,14,12,10,12,0,0,32
r3Domt0aXDzQTiDsxf0Lqw,2025-04-24,490,[],60.066893339157104,21,18,9,7,13,0,0,31
zoiVCM8_eGlkwqvtMdgVbA,2025-04-23,212,[],46.650736175477505,18,17,14,12,7,0,0,31
bYgXp9mR9mIvF5WR-C3PHA,2025-04-23,978,[],66.05413547158241,24,5,11,12,10,0,2,35
ybg2nKJ5kFGac3mwYEC8Qg,2025-04-22,326,"['Burn', 'Pingers']",47.52642992697656,26,9,8,10,11,0,0,35
SNC14CEvutJu28hHULXwPg,2025-04-21,432,[],50.77264951169491,18,9,11,12,12,0,2,35
3Uxc1LlM40Dp9yo9CP4APQ,2025-04-20,1114,[],53.78963238373399,12,13,12,25,8,0,0,29
q_Fx67x__1_F-22UQNQx9w,2025-04-19,302,[],49.08932396955788,20,15,16,7,7,0,1,33
WEMUIXO6n8yB1wnB2R2-pA,2025-04-19,540,[],52.469817604869604,17,15,14,7,14,0,0,32
ZfI2JnXwsEpVa9_dvi2PJQ,2025-04-18,629,[],52.66179896518588,15,10,20,11,6,1,1,35
u9WCRb0h1WQhxqNj_SK9Rw,2025-04-16,995,[],59.41347448527813,18,12,8,12,11,0,2,36
N5JoDq5BqqI19weTheGg4Q,2025-04-15,388,"['Burn', 'Pingers']",46.094704209361225,22,10,13,10,9,0,1,34
rc4KtY1IrXrVjSxKSGXAiA,2025-04-15,2264,[],64.7055907510221,20,19,11,11,8,0,0,30
6YZt_uxAO0-3wZFLrY6AHg,2025-04-13,2544,[],60.9132011346519,22,8,7,24,10,0,3,25
87Hq7pC3gEHEaqFJPbtUdw,2025-04-11,412,"['Burn', 'Mono Red', 'Stax']",58.82548253983259,16,8,12,13,18,0,1,31
wQzeIruXWXcSAEOBDmceBw,2025-04-11,512,[],46.72227770276368,17,19,15,6,8,0,2,32
Gpab8jfLfhOPf-lqNcmJ6A,2025-04-10,411,[],51.79525538906455,14,13,25,6,7,0,1,33
aAG7bAN9K-u4tlmF-DqDxQ,2025-04-07,238,[],47.911785542964935,17,21,16,7,7,0,1,30
lhRVte343qy2iekKIKUOGg,2025-04-05,1277,[],59.91947182640433,19,16,13,9,8,0,1,33
1rCDOI1aZL5g3wbFf57www,2025-04-02,477,"['Burn', 'Mono Red', 'Stax']",49.88890318199992,18,18,19,7,6,0,0,31
TcBU5g3Rn0uXHcXBMEYbYA,2025-03-30,730,"['Burn', 'Mono Red']",56.50582569092512,20,13,15,10,5,0,1,35
AjMPuLzxs24qKs5_InA4_g,2025-03-29,306,"['Burn', 'Planeswalkers', 'Pingers']",48.83309271931648,15,7,12,8,7,0,13,37
C_eI_Wphh7-ekCRoJgABhg,2025-03-27,478,"['Burn', 'Casual', 'Mono Red', 'Spellslinger']",49.942668210715055,15,19,14,8,6,0,2,35
iDzy5NfFSvtCefCxtx8tzw,2025-03-27,234,[],52.54585826769471,24,8,14,11,12,0,0,30
2PT-t_oqJD1O-5xKFj0GBQ,2025-03-27,335,[],55.427018485963345,22,4,10,9,17,0,4,33
OWPWzisvO21zfeQDMu030g,2025-03-27,403,['Burn'],54.23225383087993,18,19,19,2,8,0,0,33
P32t0-IeD_HzKBGEzsXTvw,2025-03-27,2463,"['Burn', 'cEDH', 'Jank', 'Mono Red']",66.43173614889383,24,16,9,15,8,0,0,27
X37vVy_CrIqD9c8uSDCfFg,2025-03-27,3124,"['Aggro', 'Burn', 'Mono Red']",62.74077372252941,20,10,10,24,6,0,0,29
kAC8UXdTfhUc4ptb1a3iKA,2025-03-26,335,[],50.08049889281392,24,13,14,10,6,0,1,31
ereJgqhku66N7poK_kpX7A,2025-03-26,945,[],45.99446626380086,20,17,16,5,9,0,1,31
NWZnpJ3kMwZ1jCYaPJylzQ,2025-03-25,566,[],56.03631540760398,14,17,15,14,10,0,0,29
QjtXkeCASQNYCwY0mSWrbg,2025-03-25,1122,[],62.76957081258297,16,8,12,17,7,0,1,38
XDLr4F1NAEnGpzM5uYpPIA,2025-03-24,840,"['Burn', 'Mono Red']",61.8903573974967,19,11,12,11,12,0,3,31
uPdO2sylfS7GbUix3mWlYQ,2025-03-23,770,[],58.58299772068858,24,8,9,12,9,0,1,36
TUzJilQGZzYYu7_U-B-6Yw,2025-03-22,2301,[],56.19360385462642,13,13,14,15,8,0,1,35
6LiXDHe_xKOBEs7t-F4lSQ,2025-03-22,686,"['Burn', 'Mono Red']",62.71595931425691,17,15,11,9,10,0,2,35
uZ3RIHTLLhKrkv6nvzmb7w,2025-03-22,405,"['Aggro', 'Burn', 'Spellslinger']",48.93674574792385,15,16,13,12,6,0,1,36
oeDXJ6fnlAJbFnSOnh_EQA,2025-03-21,309,"['Aggro', 'Burn']",48.420202132314444,23,12,15,7,9,0,0,33
4r1kcpTCxmnU30uUES26jw,2025-03-21,557,[],51.76859261840582,15,18,16,13,3,0,0,34
2PJZuQ4HBxkJc0x978QP2w,2025-03-21,324,[],47.662406623363495,20,14,13,11,9,0,1,31
M45HvjZifHBQSqlcAhDEnQ,2025-03-21,475,[],58.76994366198778,18,9,5,8,22,0,1,36
1VTV5tBO3NipT9a6XWf5OQ,2025-03-20,454,[],49.453286316245794,22,16,14,11,5,0,1,30
71YBz8F636BSY2X4wOT6Cw,2025-03-20,2400,"['Burn', 'Combo', 'Mono Red']",65.547143984586,16,10,12,22,6,1,0,32
qDxEzwEuE-j_zzUQf1mJgw,2025-03-18,315,[],46.680656023323536,19,13,9,12,14,0,0,32
UHHoL7CUMmFkdHNwX50Hog,2025-03-17,229,[],49.24399197148159,24,11,13,6,10,0,0,35
-DPG7Kg6qblhLDS0sIU-xw,2025-03-16,439,"['Burn', 'Group Slug', 'Mono Red', 'Spellslinger', 'Stax']",53.960661105811596,18,11,14,9,14,0,2,31
8s_3ZjwWYhEvnBdGsVI0AA,2025-03-15,498,[],52.421996619552374,17,20,17,9,10,0,0,26
GHwO6BF_8rImdKx7hmPvqQ,2025-03-15,338,[],57.786283027380705,27,7,11,10,8,0,2,34
RitXGuB4zmCt62NruuxRZA,2025-03-14,176,[],39.81721321679652,18,22,10,9,8,0,0,32
FsQr8Oj_VF3McbFBJFo5Cg,2025-03-13,678,[],50.94403733499348,17,15,20,6,9,0,3,29
qc_dE3PSJoygX0SKRCdaeQ,2025-03-11,158,[],44.715171188116074,28,12,11,6,8,1,1,32
B1Xo8mTiejA-3BFv5jz-Uw,2025-03-11,320,"['Burn', 'Burn', 'Burn']",53.28674217313528,15,13,15,9,12,0,0,35
C8EdUe356y_I6TwW8PcRzA,2025-03-10,500,"['Burn', 'Mono Red']",54.36327817291021,18,16,16,5,12,0,1,31
XDMdz6dLmsLEZq7tZGvFEA,2025-03-08,240,"['Burn', 'Mono Red']",45.186603020876646,20,14,19,3,9,0,0,34
6nOl5JvTo5vV5sskeUN40A,2025-03-07,461,['Burn'],49.749189369380474,22,15,10,13,7,0,2,30
ZSB5mu-aSJQ-oXvg_r118A,2025-03-04,525,[],54.76363916695118,24,7,6,15,12,0,1,34
sR2SM3dLW0ZWYdL1VM5sBw,2025-03-04,570,[],53.57338587194681,25,9,11,13,14,0,0,27
VeAKtcvhAsn3YzRfw-yG2w,2025-03-04,183,[],43.83174963109195,22,6,6,14,16,0,1,34
j9I9n3OsMVPxv_daA25StQ,2025-03-03,288,[],42.902184159029275,25,10,14,8,8,0,1,33
7B256e2wYtBzS5dSvH1sNA,2025-03-02,510,[],49.4192093256861,22,17,12,8,9,0,2,29
poV1_BHCrsYN-Y8sKDFQXA,2025-03-02,115,[],55.97123171016574,14,7,18,18,11,0,0,31
1XPxDg9vbK-4q8tQ3OH4gQ,2025-02-28,669,[],56.290106166154146,24,11,12,6,10,0,2,34
4L6jmPZVe0M1qaim5S9x4g,2025-02-28,375,[],51.60380883514881,30,6,10,9,8,0,3,33
tjICd3UV5KKfDJk0Y1g2wQ,2025-02-27,315,[],56.16129992157221,19,16,10,8,9,0,0,37
8ggA2LWPBEZvHlFl-5Rjpw,2025-02-27,310,[],47.32756118476391,21,15,13,7,6,0,2,35
si3b89x0hiIO9q-dZyYTXw,2025-02-26,1272,[],54.902561912313104,17,24,18,11,5,0,0,24
75nZdh0jEPfBaXJx49gjRA,2025-02-25,252,[],43.60192587226629,25,17,14,5,3,0,0,35
SfiBEpKPxlJBf9oaRK-mfw,2025-02-25,211,['Burn'],47.98947513848543,27,10,7,10,8,0,0,37
fcZOHsK9ZCcyt-10UBLMgA,2025-02-23,324,[],46.288206243887544,16,11,11,15,12,0,1,33
HPbHEaja6rBx-AVAH8-lkA,2025-02-23,185,[],42.65640945546329,14,18,15,11,8,0,1,32
6le1c8mOo92V0bhTB9C-Gw,2025-02-23,270,[],38.86644141795114,16,17,13,13,4,0,3,33
IDTeZHx95peGSWkeQk5V3g,2025-02-21,382,[],51.206639632582664,22,16,13,5,7,0,2,34
cVFIvq0MLg5FKCEsGBZw6w,2025-02-21,191,[],45.92807374894619,19,17,9,12,9,0,1,32
MhnxydtWO4xsvzR8tq3XEQ,2025-02-20,470,[],48.20768097601831,16,16,17,12,4,0,1,33
HtQ4Fy2wvJ42wolPP3YySA,2025-02-18,365,[],50.314379792660475,24,14,16,3,8,0,0,34
X70MDtQEmcEccC1wfvF9gg,2025-02-18,378,[],42.979556649923325,14,20,13,9,6,0,0,37
nutYHuqtL0I3gYIgj6iEeg,2025-02-17,400,"['Burn', 'Mono Red', 'Prison', 'Spellslinger', 'Stax']",51.02791256131604,23,7,13,9,12,0,1,34
F5FoVfJkIzQ3-K8cllJzrQ,2025-02-17,579,['Burn'],54.85604117065668,13,11,17,12,11,0,4,31
ZAp1QyMBCN9SlFYDOZKllQ,2025-02-15,449,"['Burn', 'Extra Combats', 'Group Slug', 'Voltron']",51.84555586799979,22,10,10,12,10,0,1,34
RsZ_RMKgFa5eeJthSLgHGA,2025-02-15,276,[],50.82134559750557,13,15,16,11,8,0,1,35
LIB5VAwwZBU7FSWghTy65w,2025-02-15,329,"['Burn', 'Commander Matters', 'Combo', 'Tap/Untap', 'Pingers']",49.18084428831935,22,11,10,10,11,0,1,34
FJITFlzm0Z_l_-ltSnp98g,2025-02-14,1258,[],62.03670401126146,17,17,17,10,7,0,0,31
WXzCI94L06FYguBWQm28OA,2025-02-14,579,[],52.76192316040397,8,16,17,9,8,1,1,39
opKAVJihKoacTXijJE7-Uw,2025-02-14,289,[],51.308644253760576,24,15,11,6,8,0,1,34
Xn00mH-g2Ban8gwsCg_OJw,2025-02-13,86,"['Budget', 'Mono Red']",44.86235564947128,19,4,17,8,11,0,1,39
cBgITbTXutO2DbqwoaQZAA,2025-02-13,1157,[],59.821843553334475,16,14,16,12,8,0,0,33
bLPEWy5jj9BEWJRf_JcWoA,2025-02-13,207,"['Burn', 'Burn', 'Burn', 'Commander Matters']",46.19900353625417,27,7,10,7,9,0,3,36
ArqsbJVEPUCkaSZpOLVfvw,2025-02-13,218,[],41.06983811222017,22,8,5,13,16,0,1,34
wl1gLWi_fbzCtj1WKPh-hQ,2025-02-13,336,[],47.922404658049345,20,12,15,11,8,0,1,32
hPkwEE1EOtqu3t0xdjw7dw,2025-02-13,271,"['Aggro', 'Burn', 'Combo', 'Pingers']",45.85638513043523,15,19,18,8,10,0,0,29
aiBNKE_yNx7Asesnoe9Wtw,2025-02-13,500,[],51.54648686572909,20,10,9,15,8,0,0,37
19t1jHpv3hv9BFBy8SVb2g,2025-02-12,729,"['Burn', 'Group Slug', 'Midrange', 'Mono Red']",55.35885779187083,19,4,14,16,9,0,2,35
2rIXv_5hW-HUfn9vaoJRaw,2025-02-12,366,[],54.4303179718554,21,10,13,10,9,0,1,35
EywmJiAyDw0mKkXP0Hc-bw,2025-02-12,212,"['Budget', 'Burn', 'Mono Red', 'Stax']",50.399071872234344,16,8,13,20,8,0,0,34
oEVKN6wqzUbNEyCVNpbPJQ,2025-02-12,1134,[],52.89592567458749,15,10,16,16,7,0,2,33
GcqKsNmqD9oyrYp6Mm1LfQ,2025-02-12,1246,['Burn'],61.37164843082428,20,13,14,12,9,0,1,30
K_uOAQdOY4QZYEgdoU1k2g,2025-02-12,1407,[],46.45141441049054,14,16,6,14,11,1,1,36
m3tGB-iVRguBI2QM2RE2Xg,2025-02-11,452,[],57.45997916162014,24,14,10,6,7,0,2,36
SxHyXkOzGlgjU7NWi8pejA,2025-02-11,2534,[],65.19482898339629,20,13,17,11,9,0,1,28
kRiGgHvvUDRyfoHYslHuKA,2025-02-11,579,[],52.41949528828263,22,17,15,8,4,0,1,32
0dT_XhHiY-KGO7g_Sjo0PQ,2025-02-02,1531,[],59.75022730603814,21,16,12,12,10,0,0,28
ccZ0KlzgZVp80I6xWNquqA,2025-01-23,194,[],45.506505514495075,23,15,14,6,6,0,0,35
NRC268mwPmfBzAj33qvCUQ,2025-01-18,307,"['Burn', 'Casual', 'Mono Red']",47.37888675183058,16,20,16,6,9,0,0,32
yr8vamnz3MPEbD4O3dtPzw,2025-01-17,350,[],49.315564427524805,15,11,16,12,10,0,0,35
--8wLQ4UFFHucqmLNe_iew,2024-12-29,185,[],44.70538445189595,21,12,11,12,10,0,1,32
6TE8Dg_zyiLti9IV69qrKw,2024-12-15,2940,[],70.98610644042492,17,14,19,12,11,0,0,26
8Ml4Ic0PM-P0CTzpL9X7lA,2024-12-14,319,[],47.32928003743291,30,6,8,3,13,0,0,39
U5MZv2hb9luVPjUJicHqSA,2024-11-15,359,[],54.20262423157692,22,9,17,8,9,0,1,33
rIrqwuN6koRVJvndTJSGvQ,2024-11-11,783,"['Aggro', 'Burn', 'Competitive', 'Mono Red', 'Spellslinger', 'Turbo']",46.97704947600141,18,16,9,11,13,0,2,30
yjfutxRZyPKIFUDq7m-ZjQ,2024-10-13,2623,[],67.23303244262934,23,10,14,13,10,0,0,29
uQQtNeLsaffMhxT-7dj9Ig,2024-10-01,411,[],49.84966192767024,16,18,13,10,6,1,2,33
mkpMkw3oXR2T3WgLKp6IhA,2024-09-30,199,[],48.70149341970682,19,6,18,14,9,0,1,32
tb29kZvj8bhTYd0UhdhRSg,2024-09-29,769,[],51.54950025305152,23,12,9,7,8,1,4,35
eSFq8VJf-7WM_t0sHG7ELg,2024-09-19,333,"['Burn', 'Group Slug']",50.10395588353276,21,9,14,9,10,0,1,35
d6sDjDTHgUf4saPGmtEZ-Q,2024-07-25,358,[],50.530844289809465,21,4,5,18,14,0,2,35
sPIag0zkauVdXRfuzckMLA,2024-06-05,217,[],53.77140899049118,21,8,13,10,9,1,3,34
dwpRD5p7wntejDFv3pH79g,2024-02-07,273,[],46.63764287903905,17,19,14,9,6,0,1,33
